,gender,year,cgpa,university_name,Critical Thinking,Problem Solving,Team Work,Communication Skill,Software Engineering Principal,Data Structure & Algorithm,Database Management,Data Analysis skill,Web Developing Skill,Understanding of computer architecture & System,Understanding Operating System,Networking Concept,Cyber Security Skill,Machine Learning Skill,Robotics Skill,Research Skill,publication,project,Influencing Factor,Prefer Job
0,Female,4th,3.84,Bangabandhu Sheikh Mujibur Rahman Science & Technology University (BSMRSTU),2,2,3,2,2,3,2,2,1,1,1,0,0,1,0,2,1,2,Job Security,Software Development
1,Male,4th,2.5,Bangabandhu Sheikh Mujibur Rahman Science & Technology University (BSMRSTU),1,1,1,1,1,1,1,1,2,1,1,1,1,1,1,1,0,0,flaxible Work Life Balanced,Teaching
2,Male,4th,3.34,Bangabandhu Sheikh Mujibur Rahman Science & Technology University (BSMRSTU),2,2,2,1,1,2,1,1,1,1,1,1,1,1,1,1,0,2,Job Environment,Software Development
3,Male,4th,3.78,United International University (UIU),2,2,2,2,1,2,2,1,1,2,2,2,1,1,1,1,0,1,Job Security,Software Development
4,Male,4th,3.0,Bangabandhu Sheikh Mujibur Rahman Science & Technology University (BSMRSTU),2,2,3,2,2,2,3,3,3,2,2,3,3,1,1,1,0,5,Salary,Software Development
5,Male,3rd,3.3,Bangabandhu Sheikh Mujibur Rahman Science & Technology University (BSMRSTU),0,3,3,3,2,2,3,3,3,3,3,3,3,3,3,3,0,3,flaxible Work Life Balanced,Software Development
6,Female,4th,3.3,Bangabandhu Sheikh Mujibur Rahman Science & Technology University (BSMRSTU),1,1,1,1,1,1,1,1,1,1,1,1,1,1,1,1,0,4,Job Security,Software Development
7,Male,3rd,3.1,Bangabandhu Sheikh Mujibur Rahman Science & Technology University (BSMRSTU),2,2,1,1,2,2,2,3,1,2,2,2,2,3,1,1,0,2,Salary,Software Development
8,Male,4th,3.91,Bangabandhu Sheikh Mujibur Rahman Science & Technology University (BSMRSTU),1,1,2,2,1,1,1,1,1,1,1,1,1,1,1,1,0,0,Salary,Data Analysis
9,Male,4th,3.25,Bangabandhu Sheikh Mujibur Rahman Science & Technology University (BSMRSTU),2,1,2,1,1,2,2,2,3,2,2,2,1,2,0,2,0,5,Social Acceptance,Database Administration
10,Male,4th,1.0,Bangabandhu Sheikh Mujibur Rahman Science & Technology University (BSMRSTU),1,1,1,1,1,1,1,1,1,1,1,1,1,1,1,1,0,0,flaxible Work Life Balanced,Business
11,Male,3rd,3.59,Bangabandhu Sheikh Mujibur Rahman Science & Technology University (BSMRSTU),1,1,2,2,1,2,2,2,2,2,3,2,1,1,1,2,0,0,Social Acceptance,Software Development
12,Male,4th,2.87,Bangabandhu Sheikh Mujibur Rahman Science & Technology University (BSMRSTU),1,1,1,1,1,1,1,1,1,0,1,2,1,1,1,1,1,3,flaxible Work Life Balanced,BCS
13,Male,3rd,3.0,Bangabandhu Sheikh Mujibur Rahman Science & Technology University (BSMRSTU),1,1,2,1,1,1,1,1,1,2,2,1,1,1,1,1,0,0,flaxible Work Life Balanced,Bank Job
14,Male,3rd,3.04,Bangabandhu Sheikh Mujibur Rahman Science & Technology University (BSMRSTU),2,1,2,1,2,2,2,2,1,2,2,2,2,1,1,1,0,4,Job Security,Software Development
15,Male,4th,3.7,United International University (UIU),2,2,1,1,1,2,1,2,1,1,1,1,1,2,1,1,0,1,Social Acceptance,Teaching
16,Female,4th,3.2740754716981133,Bangabandhu Sheikh Mujibur Rahman Science & Technology University (BSMRSTU),0,0,0,0,0,0,0,0,0,0,0,0,0,0,0,0,0,0,other,Other
17,Male,4th,3.02,Bangabandhu Sheikh Mujibur Rahman Science & Technology University (BSMRSTU),1,2,1,1,1,2,1,1,1,1,1,1,1,1,1,1,0,1,Social Acceptance,Software Development
18,Male,4th,3.27,Bangabandhu Sheikh Mujibur Rahman Science & Technology University (BSMRSTU),2,2,2,1,1,2,2,1,2,1,1,2,1,1,1,1,0,3,"Social Acceptance,Job Security,flaxible Work Life Balanced","Software Development,Database Administration,ML/AI Engineer,Govt Job,Abroad"
19,Female,4th,3.6,Bangabandhu Sheikh Mujibur Rahman Science & Technology University (BSMRSTU),2,1,2,2,2,2,2,3,2,2,2,2,2,2,2,2,0,4,Salary,"Software Development,Networking,Cyber Security,Data Analysis,ML/AI Engineer,Business,Abroad"
20,Male,4th,3.09,United International University (UIU),1,1,2,1,1,2,2,1,1,2,1,1,1,1,1,1,0,1,"Social Acceptance,Job Security,Job Environment,Salary","Software Development,Cyber Security,Database Administration,ML/AI Engineer,Abroad"
21,Male,4th,3.0,Bangabandhu Sheikh Mujibur Rahman Science & Technology University (BSMRSTU),1,2,2,2,2,1,1,1,2,1,1,2,1,1,1,2,2,4,flaxible Work Life Balanced,Software Development
22,Male,2nd,3.78,United International University (UIU),2,2,2,1,2,1,1,1,1,1,1,1,1,1,1,1,0,2,"Job Security,Job Environment,flaxible Work Life Balanced","Software Development,Networking,Data Analysis,ML/AI Engineer,Teaching,Researcher,Abroad"
23,Male,4th,3.01,Bangabandhu Sheikh Mujibur Rahman Science & Technology University (BSMRSTU),2,2,2,2,2,1,1,1,2,1,1,2,1,1,1,1,0,4,"Job Security,Job Environment,Salary","Software Development,Bank Job,Abroad"
24,Male,4th,2.8,Bangabandhu Sheikh Mujibur Rahman Science & Technology University (BSMRSTU),1,1,1,1,1,2,2,1,1,1,1,1,1,2,1,1,0,2,"Social Acceptance,Job Security,Job Environment,Salary,flaxible Work Life Balanced","Software Development,ML/AI Engineer,Teaching,Bank Job,Govt Job"
25,Male,3rd,2.9,United International University (UIU),2,2,3,3,2,2,3,3,3,3,3,3,3,3,3,3,1,5,Social Acceptance,Software Development
26,Female,1st,3.2740754716981133,Bangabandhu Sheikh Mujibur Rahman Science & Technology University (BSMRSTU),1,1,2,1,1,1,1,1,1,1,1,1,1,1,1,1,0,0,"Job Security,Salary,flaxible Work Life Balanced",Govt Job
27,Male,4th,3.66,Mawlana Bhashani Science & Technology University (MBSTU),2,2,3,2,2,2,2,2,1,1,1,1,1,2,1,1,0,3,Job Environment,"Software Development,Cyber Security,ML/AI Engineer,Abroad"
28,Male,1st,3.21,Bangabandhu Sheikh Mujibur Rahman Science & Technology University (BSMRSTU),2,2,2,1,2,2,2,1,1,2,2,2,1,1,1,1,0,2,"Social Acceptance,Job Security,Job Environment,Salary,flaxible Work Life Balanced","Software Development,Teaching,Business"
29,Male,2nd,3.66,American International University-Bangladesh (AIUB),2,2,2,1,2,2,2,1,3,2,1,1,1,1,1,1,0,3,"Job Security,Job Environment,Salary,flaxible Work Life Balanced","Software Development,ML/AI Engineer,Researcher,Abroad"
30,Female,3rd,3.2740754716981133,American International University-Bangladesh (AIUB),2,2,3,3,1,2,1,1,1,1,1,1,1,1,1,2,0,2,"Social Acceptance,Job Security,Job Environment,Salary","Teaching,BCS,Govt Job"
31,Male,4th,3.0,Bangabandhu Sheikh Mujibur Rahman Science & Technology University (BSMRSTU),2,2,2,3,1,1,2,1,1,1,1,1,1,1,1,1,0,5,"Social Acceptance,Job Security,Job Environment,Salary,flaxible Work Life Balanced","ML/AI Engineer,Teaching,Bank Job,BCS"
32,Female,1st,3.13,United International University (UIU),1,1,1,1,1,1,0,0,0,0,0,0,0,0,0,0,0,1,other,"Software Development,Other"
33,Female,1st,3.61,Daffodil International University (DIU),1,1,2,1,0,0,0,0,0,0,0,0,0,0,0,0,0,0,other,Other
34,Male,2nd,3.65,United International University (UIU),2,2,3,2,2,2,2,2,2,1,1,3,1,1,1,1,0,5,"Social Acceptance,Job Security,Job Environment,Salary,flaxible Work Life Balanced",Software Development
35,Female,4th,3.21,Bangabandhu Sheikh Mujibur Rahman Science & Technology University (BSMRSTU),1,1,2,1,2,1,2,1,2,2,1,2,2,1,1,1,0,5,Job Security,"Software Development,Data Analysis,Govt Job,Other"
36,Male,3rd,3.5,United International University (UIU),0,0,0,0,0,0,0,0,0,0,0,0,0,0,0,0,0,0,other,other
37,Male,3rd,3.5,United International University (UIU),2,2,2,1,1,2,2,1,1,1,1,1,1,0,0,0,0,3,"Job Environment,Salary,flaxible Work Life Balanced","Software Development,Management,Business"
38,Male,1st,0.0,United International University (UIU),2,2,3,2,1,1,1,1,1,1,1,1,1,1,1,1,0,0,flaxible Work Life Balanced,Software Development
39,Male,3rd,3.37,United International University (UIU),2,2,1,2,1,2,1,1,1,1,1,2,1,1,1,1,0,1,"Social Acceptance,Job Security,Job Environment,Salary,flaxible Work Life Balanced","Software Development,Networking,Cyber Security,Database Administration,Data Analysis,UI/UX Designing,Management,Bank Job,BCS,Govt Job,Abroad"
40,Female,1st,4.0,United International University (UIU),1,1,2,2,1,1,1,1,1,1,1,1,1,1,1,1,0,0,"Job Security,Job Environment,Salary,flaxible Work Life Balanced","Cyber Security,Abroad"
41,Male,3rd,3.47,United International University (UIU),1,1,2,1,1,2,1,1,1,1,1,2,1,1,2,1,0,1,Salary,Networking
42,Female,4th,3.96,United International University (UIU),3,3,3,3,2,2,3,3,2,2,2,1,1,3,1,3,1,5,"Job Security,Job Environment,Salary,flaxible Work Life Balanced","Data Analysis,ML/AI Engineer,Teaching,Researcher,Abroad"
43,Female,2nd,3.67,United International University (UIU),2,2,3,2,1,1,1,1,1,1,1,1,1,1,1,3,0,0,flaxible Work Life Balanced,Software Development
44,Male,4th,3.3,Bangabandhu Sheikh Mujibur Rahman Science & Technology University (BSMRSTU),2,2,2,2,2,2,2,1,1,1,1,1,1,1,1,1,0,1,Salary,Software Development
45,Male,4th,3.41,Bangabandhu Sheikh Mujibur Rahman Science & Technology University (BSMRSTU),2,2,2,2,2,2,3,2,3,2,3,3,2,2,2,2,0,5,other,other
46,Female,2nd,2.83,United International University (UIU),2,1,2,2,1,2,1,1,1,1,1,1,1,1,1,1,0,1,"Job Security,Job Environment,flaxible Work Life Balanced","Cyber Security,Business,Abroad"
47,Male,2nd,2.98,"Independent University, Bangladesh (IUB)",1,2,3,2,1,2,1,2,1,1,1,1,2,2,0,2,1,1,"Job Security,Job Environment","Software Development,Cyber Security,Data Analysis,Management"
48,Male,3rd,3.01,"Independent University, Bangladesh (IUB)",1,2,2,1,1,2,2,1,2,1,1,2,1,1,2,1,1,2,"Social Acceptance,Job Security","Software Development,Networking,Cyber Security,Data Analysis"
49,Male,2nd,3.16,American International University-Bangladesh (AIUB),1,2,1,1,2,2,1,1,1,1,2,2,2,1,1,2,1,1,"Social Acceptance,Job Security","Software Development,Cyber Security,Data Analysis"
50,Male,4th,2.92,Bangabandhu Sheikh Mujibur Rahman Science & Technology University (BSMRSTU),2,2,2,1,2,2,2,2,1,1,2,1,1,1,1,2,2,2,Social Acceptance,Software Development
51,Male,4th,3.22,Bangabandhu Sheikh Mujibur Rahman Science & Technology University (BSMRSTU),3,3,2,2,1,2,2,1,2,3,1,1,2,2,2,1,3,1,flaxible Work Life Balanced,Abroad
52,Female,1st,1.6,United International University (UIU),2,2,2,1,1,1,1,1,1,1,1,1,1,1,1,1,0,0,Job Security,ML/AI Engineer
53,Male,4th,3.4,Comilla University (CoU),2,3,2,1,1,3,1,1,1,1,1,1,1,1,1,1,0,1,"Salary,flaxible Work Life Balanced","Software Development,ML/AI Engineer"
54,Male,4th,3.55,Faridpur Engineering College,1,1,2,1,1,1,1,1,2,1,1,1,1,1,1,1,0,2,"Salary,flaxible Work Life Balanced","Software Development,Teaching,Govt Job,Abroad"
55,Male,2nd,0.0,United International University (UIU),2,2,2,2,2,2,2,2,2,2,2,2,2,2,2,2,0,2,Salary,Software Development
56,Male,4th,3.33,Faridpur Engineering College,2,2,2,1,2,2,2,2,1,2,1,2,2,2,2,2,1,2,other,"Software Development,Data Analysis"
57,Male,2nd,3.17,Comilla University (CoU),2,2,2,1,1,1,1,2,2,1,2,1,2,0,1,1,1,1,Social Acceptance,"Bank Job,Govt Job"
58,Male,4th,3.57,Comilla University (CoU),2,2,1,1,1,2,1,1,2,1,2,1,1,1,1,1,0,10,"Social Acceptance,Job Security,Job Environment,Salary,flaxible Work Life Balanced",Software Development
59,Female,2nd,3.79,Comilla University (CoU),1,1,2,3,1,2,1,1,1,2,1,1,1,1,1,1,0,0,Salary,Researcher
60,Female,2nd,3.52,Comilla University (CoU),2,2,2,1,1,3,3,2,2,2,1,1,1,1,1,1,0,1,"Social Acceptance,Job Security,Job Environment,Salary,flaxible Work Life Balanced","Software Development,Teaching"
61,Female,1st,3.59,Comilla University (CoU),2,2,2,2,2,2,2,1,1,2,1,0,2,0,0,0,0,0,"Job Environment,Salary,flaxible Work Life Balanced","Database Administration,Teaching,Abroad"
62,Female,1st,3.6,Comilla University (CoU),1,1,2,2,1,2,1,1,1,2,2,1,2,1,1,1,0,0,Salary,Business
63,Male,3rd,3.54,Comilla University (CoU),2,1,2,2,1,2,2,1,1,1,1,1,1,1,1,1,0,0,Social Acceptance,"Software Development,Data Analysis,ML/AI Engineer,Abroad"
64,Female,1st,3.47,Comilla University (CoU),1,1,1,1,1,2,1,1,0,0,0,0,0,0,0,0,0,3,Job Security,Software Development
65,Female,2nd,3.5,Comilla University (CoU),1,1,1,1,1,1,1,1,1,1,1,1,1,1,1,1,0,0,Salary,Business
66,Male,4th,3.2,Bangabandhu Sheikh Mujibur Rahman Science & Technology University (BSMRSTU),2,2,2,2,2,3,2,2,2,2,2,2,2,2,2,2,1,4,Job Environment,Software Development
67,Male,2nd,3.64,Comilla University (CoU),2,2,2,1,2,2,2,1,2,2,2,1,1,1,1,1,0,0,"Job Environment,Salary,flaxible Work Life Balanced","Software Development,Networking,Cyber Security,Researcher"
68,Male,4th,3.7,Comilla University (CoU),1,1,2,2,2,1,1,1,2,1,1,1,1,1,2,1,0,3,Social Acceptance,Abroad
69,Male,4th,3.3,Bangabandhu Sheikh Mujibur Rahman Science & Technology University (BSMRSTU),2,2,2,1,2,2,2,1,1,1,2,1,1,2,2,1,0,3,"Job Security,Salary",Govt Job
70,Female,2nd,3.84,Comilla University (CoU),2,2,3,2,1,2,1,1,1,1,1,1,1,1,1,1,0,2,Job Security,Software Development
71,Male,2nd,3.08,American International University-Bangladesh (AIUB),1,2,1,1,1,1,2,2,1,1,2,2,2,2,1,2,2,1,"Social Acceptance,Job Security,Job Environment","Software Development,Networking,Cyber Security,Data Analysis"
72,Male,2nd,3.25,American International University-Bangladesh (AIUB),1,2,1,2,1,1,2,1,1,1,1,1,1,1,1,1,2,3,Job Environment,Abroad
73,Male,2nd,3.56,American International University-Bangladesh (AIUB),2,2,1,1,1,2,1,1,1,1,1,1,1,1,1,1,0,100,"Job Environment,Salary,flaxible Work Life Balanced",Software Development
74,Male,2nd,3.0,American International University-Bangladesh (AIUB),2,3,3,2,2,2,2,2,1,1,2,1,1,1,1,1,0,3,Job Security,Other
75,Male,2nd,3.2,American International University-Bangladesh (AIUB),1,1,2,2,1,1,1,1,1,1,1,1,1,1,1,1,0,4,other,other
76,Male,2nd,3.4,American International University-Bangladesh (AIUB),3,2,3,2,2,2,2,2,2,2,2,2,2,2,3,3,1,1,Job Security,Management
77,Male,4th,2.88,Bangabandhu Sheikh Mujibur Rahman Science & Technology University (BSMRSTU),1,2,2,2,1,1,2,2,2,3,3,1,1,1,1,1,0,2,Social Acceptance,Software Development
78,Male,4th,3.73,Daffodil International University (DIU),2,2,2,1,1,3,3,1,3,1,1,1,1,1,1,1,0,2,"Social Acceptance,Job Security,Job Environment,Salary,flaxible Work Life Balanced",Software Development
79,Male,2nd,3.65,American International University-Bangladesh (AIUB),1,2,2,2,2,2,2,1,1,1,0,2,2,2,2,2,0,2,"Job Security,Job Environment,Salary","Software Development,Cyber Security"
80,Male,2nd,3.55,American International University-Bangladesh (AIUB),1,2,2,2,1,1,2,2,2,1,2,1,1,0,1,1,2,2,"Social Acceptance,Job Security,Job Environment","Software Development,Networking,Cyber Security,Data Analysis"
81,Male,2nd,3.22,American International University-Bangladesh (AIUB),1,2,1,1,2,2,1,2,1,1,2,2,2,1,1,2,2,3,"Social Acceptance,Job Security,Job Environment","Software Development,Networking,Cyber Security,Data Analysis"
82,Male,2nd,3.2740754716981133,American International University-Bangladesh (AIUB),2,2,2,3,2,3,2,1,1,1,1,1,1,1,1,1,0,0,other,other
83,Male,4th,3.2,"Bangabandhu Sheikh Mujibur Rahman Science & Technology University, Pirojpur (BSMRSTUP)",1,1,1,2,1,1,1,1,1,1,1,1,1,1,1,1,2,9,other,other
84,Male,4th,3.15,Bangabandhu Sheikh Mujibur Rahman Science & Technology University (BSMRSTU),3,3,3,1,2,3,3,1,2,2,3,2,2,2,2,2,0,4,"Job Security,Salary,flaxible Work Life Balanced","Software Development,Networking,Cyber Security"
85,Male,2nd,3.0,American International University-Bangladesh (AIUB),2,2,3,3,3,2,3,3,3,3,3,3,3,3,3,3,30,25,Job Security,"Software Development,Other"
86,Male,1st,3.91,Port City International University (PCIU),2,2,3,2,2,2,2,2,3,2,2,1,2,3,2,3,0,4,"Social Acceptance,Job Security,Salary,flaxible Work Life Balanced","Software Development,ML/AI Engineer,Gaming"
87,Male,4th,3.63,"Bangabandhu Sheikh Mujibur Rahman Science & Technology University, Pirojpur (BSMRSTUP)",1,2,3,2,2,2,2,2,3,2,2,2,2,1,1,1,0,10,"Social Acceptance,Job Security,flaxible Work Life Balanced",Software Development
88,Male,1st,3.16,Northern University Bangladesh (NUB),1,2,1,2,1,1,2,1,1,1,2,1,2,2,1,1,2,2,"Social Acceptance,Job Security,Job Environment","Networking,Cyber Security"
89,Male,4th,3.67,United International University (UIU),3,2,2,2,2,1,2,2,2,2,2,2,2,2,2,2,0,5,"Social Acceptance,Job Security,Job Environment,Salary,flaxible Work Life Balanced","Software Development,Networking,Cyber Security,Database Administration,Data Analysis,UI/UX Designing,ML/AI Engineer,Hardware Sector,Gaming,Management,Teaching,Researcher,Bank Job,BCS,Business,Govt Job,Abroad,Other"
90,Male,1st,3.15,American International University-Bangladesh (AIUB),2,1,3,1,1,1,1,1,1,1,1,1,1,1,1,1,1,1,flaxible Work Life Balanced,"Software Development,Database Administration,Management"
91,Male,4th,3.41,Bangabandhu Sheikh Mujibur Rahman Science & Technology University (BSMRSTU),3,2,3,2,3,2,3,2,3,3,3,3,3,2,2,2,0,7,"Job Security,Job Environment,Salary","Software Development,Data Analysis"
92,Male,3rd,3.52,Rajshahi University of Engineering & Technology (RUET),2,2,3,3,2,2,2,2,1,3,2,3,2,2,2,2,1,2,"Social Acceptance,Job Security,Salary","Software Development,Cyber Security,Abroad"
93,Male,3rd,3.54,Rajshahi University of Engineering & Technology (RUET),2,1,2,1,0,2,1,1,0,1,0,0,0,0,0,0,0,1,"Social Acceptance,Job Security,Job Environment,Salary,flaxible Work Life Balanced","Software Development,ML/AI Engineer,Researcher,Abroad"
94,Male,3rd,3.32,Hajee Mohammad Danesh Science & Technology University (HMDSTU),2,2,2,2,1,2,1,1,0,1,1,1,1,1,1,1,0,2,Salary,Software Development
95,Male,3rd,3.7,Hajee Mohammad Danesh Science & Technology University (HMDSTU),3,3,2,2,2,2,2,1,1,2,2,1,1,1,1,1,0,2,"Social Acceptance,Job Environment,Salary,flaxible Work Life Balanced","Software Development,Abroad"
96,Male,3rd,3.69,Hajee Mohammad Danesh Science & Technology University (HMDSTU),2,1,2,2,2,2,2,1,2,2,2,2,1,1,1,1,0,2,Salary,Teaching
97,Male,3rd,3.0,Hajee Mohammad Danesh Science & Technology University (HMDSTU),1,1,1,1,1,1,1,1,1,1,1,1,1,1,1,1,0,2,"Social Acceptance,Job Security,Salary,flaxible Work Life Balanced","Bank Job,BCS,Govt Job"
98,Male,3rd,3.0,Hajee Mohammad Danesh Science & Technology University (HMDSTU),1,1,2,1,2,2,2,1,2,2,2,2,1,1,1,1,0,4,"Social Acceptance,Job Environment",Software Development
99,Male,1st,3.62,International University of Business Agriculture & Technology (IUBAT),2,1,1,1,0,0,0,0,0,0,0,0,1,0,0,0,0,0,Job Security,Cyber Security
100,Female,2nd,2.93,Bangabandhu Sheikh Mujibur Rahman Science & Technology University (BSMRSTU),1,1,1,1,1,1,1,1,1,1,1,1,1,1,1,1,0,1,flaxible Work Life Balanced,Other
101,Male,4th,3.25,International Islamic University Chittagong (IIUC),2,2,2,1,2,2,2,1,2,1,1,2,2,2,1,1,0,3,"Social Acceptance,Job Environment","Software Development,Teaching,Govt Job"
102,Male,3rd,3.48,Hajee Mohammad Danesh Science & Technology University (HMDSTU),1,1,2,1,1,1,1,1,1,1,1,1,1,1,1,1,0,2,Job Environment,Teaching
103,Male,4th,3.0,Bangabandhu Sheikh Mujibur Rahman Science & Technology University (BSMRSTU),2,1,2,2,2,2,2,1,1,2,2,2,1,2,2,1,0,3,Social Acceptance,Govt Job
104,Male,4th,3.81,Hajee Mohammad Danesh Science & Technology University (HMDSTU),2,1,2,2,2,1,1,2,2,0,0,0,1,0,0,0,0,2,Job Environment,Teaching
105,Male,4th,3.25,Bangabandhu Sheikh Mujibur Rahman Science & Technology University (BSMRSTU),3,3,3,2,3,3,2,2,3,2,2,2,2,2,2,1,0,4,"Social Acceptance,Job Security,Salary,flaxible Work Life Balanced","Software Development,ML/AI Engineer"
106,Male,4th,3.3,Mawlana Bhashani Science & Technology University (MBSTU),1,1,3,3,2,2,3,2,2,3,3,3,2,1,1,2,0,4,"Social Acceptance,Job Security,Job Environment,Salary,flaxible Work Life Balanced","Software Development,Bank Job"
107,Female,4th,3.51,Mawlana Bhashani Science & Technology University (MBSTU),1,1,1,2,2,2,1,1,1,2,2,2,2,1,0,1,0,2,Salary,Software Development
108,Male,4th,3.48,Mymensingh Engineering College ,2,1,2,0,0,2,1,2,2,0,0,0,0,0,0,0,0,2,Job Security,Govt Job
109,Male,4th,3.48,University of Dhaka (DU),2,2,3,3,2,3,3,2,1,3,3,3,1,2,1,1,0,10,"Job Security,Job Environment,Salary,flaxible Work Life Balanced","Networking,Data Analysis,Management,Bank Job,BCS,Govt Job,Abroad"
110,Male,3rd,3.22,Mawlana Bhashani Science & Technology University (MBSTU),2,2,2,1,1,2,1,1,1,1,1,1,1,1,0,0,0,1,Job Security,Software Development
111,Male,3rd,3.85,Mawlana Bhashani Science & Technology University (MBSTU),3,3,2,1,2,3,3,1,1,2,2,1,1,1,1,1,0,1,"Job Environment,Salary,flaxible Work Life Balanced","Software Development,Abroad"
112,Male,4th,3.41,Mawlana Bhashani Science & Technology University (MBSTU),2,1,2,2,1,1,1,1,1,1,1,1,1,1,1,1,0,0,"Social Acceptance,Job Security,Job Environment,Salary","Bank Job,BCS,Govt Job,Abroad"
113,Male,4th,3.2740754716981133,Bangabandhu Sheikh Mujibur Rahman Science & Technology University (BSMRSTU),2,2,2,2,2,2,2,1,2,2,2,2,1,1,1,1,0,4,"Job Environment,Salary,flaxible Work Life Balanced","Software Development,Business"
114,Male,3rd,3.0,Mawlana Bhashani Science & Technology University (MBSTU),1,1,2,0,0,1,1,0,0,2,1,0,0,0,1,0,0,1,Job Environment,Software Development
115,Male,4th,3.1,Bangabandhu Sheikh Mujibur Rahman Science & Technology University (BSMRSTU),2,3,1,1,2,3,1,1,1,2,1,2,1,1,1,1,0,2,"Job Security,flaxible Work Life Balanced","Software Development,Database Administration,Data Analysis,ML/AI Engineer,Abroad"
116,Male,4th,3.3,Bangabandhu Sheikh Mujibur Rahman Science & Technology University (BSMRSTU),2,3,3,2,2,2,2,1,2,2,1,2,1,1,1,2,0,2,Job Security,Software Development
117,Male,4th,3.0,Bangabandhu Sheikh Mujibur Rahman Science & Technology University (BSMRSTU),2,2,2,1,2,2,1,1,1,1,1,1,1,1,1,1,0,3,"Job Security,Job Environment,Salary","Software Development,Data Analysis,ML/AI Engineer"
118,Male,4th,3.4,Bangabandhu Sheikh Mujibur Rahman Science & Technology University (BSMRSTU),1,0,1,2,2,1,2,1,1,2,2,2,2,2,1,1,0,2,flaxible Work Life Balanced,ML/AI Engineer
119,Male,4th,3.0,Bangabandhu Sheikh Mujibur Rahman Science & Technology University (BSMRSTU),1,1,1,1,1,1,1,1,0,1,1,1,1,1,1,1,0,3,Job Environment,"Database Administration,Data Analysis"
120,Male,4th,3.21,Bangabandhu Sheikh Mujibur Rahman Science & Technology University (BSMRSTU),2,2,2,2,2,2,2,2,2,2,3,3,2,1,1,1,0,11,"Social Acceptance,Job Security,Job Environment,Salary,flaxible Work Life Balanced","Software Development,Bank Job,BCS,Govt Job"
121,Male,3rd,3.5,Bangabandhu Sheikh Mujibur Rahman Science & Technology University (BSMRSTU),2,1,2,2,1,1,1,1,1,2,1,1,1,1,1,1,0,1,Job Security,Govt Job
122,Male,4th,3.24,Bangabandhu Sheikh Mujibur Rahman Science & Technology University (BSMRSTU),2,2,2,2,1,2,2,2,1,2,2,2,1,2,1,1,0,5,"Job Environment,Salary,flaxible Work Life Balanced","ML/AI Engineer,Abroad"
123,Male,4th,2.85,Bangabandhu Sheikh Mujibur Rahman Science & Technology University (BSMRSTU),3,2,3,3,0,0,0,3,2,2,2,2,0,0,0,0,0,5,flaxible Work Life Balanced,"Software Development,Teaching,Bank Job,Business,Govt Job"
124,Male,3rd,3.39,Patuakhali  Science and technology university (PSTU),2,2,2,1,2,2,2,1,2,2,1,2,1,1,1,1,0,4,"Job Environment,Salary,flaxible Work Life Balanced","Software Development,ML/AI Engineer,Abroad"
125,Male,4th,3.0,Bangabandhu Sheikh Mujibur Rahman Science & Technology University (BSMRSTU),1,1,2,3,2,1,2,1,3,0,1,1,1,1,1,1,0,2,"Job Security,Salary",Software Development
126,Male,4th,2.74,Bangabandhu Sheikh Mujibur Rahman Science & Technology University (BSMRSTU),2,1,1,2,1,1,1,2,2,1,1,1,1,0,1,1,0,2,"Social Acceptance,Job Security,Salary","Software Development,Data Analysis,Abroad"
127,Male,4th,2.8,Bangabandhu Sheikh Mujibur Rahman Science & Technology University (BSMRSTU),2,2,2,2,2,1,2,1,1,2,3,2,1,1,2,2,0,6,"Job Security,Job Environment,Salary","Software Development,Database Administration,Data Analysis,Gaming,Teaching,Bank Job,Govt Job,Abroad"
128,Male,3rd,3.0,Bangabandhu Sheikh Mujibur Rahman Science & Technology University (BSMRSTU),1,1,2,1,2,2,2,2,1,1,1,1,1,1,1,1,0,2,Job Security,Software Development
129,Male,4th,3.0,Bangabandhu Sheikh Mujibur Rahman Science & Technology University (BSMRSTU),2,2,2,2,2,2,2,1,2,1,2,2,2,1,1,1,0,4,"Job Environment,Salary,flaxible Work Life Balanced","Software Development,Cyber Security,Data Analysis,ML/AI Engineer,Business,Other"
130,Male,4th,2.8,Bangabandhu Sheikh Mujibur Rahman Science & Technology University (BSMRSTU),2,2,2,1,1,1,1,1,1,1,1,1,1,1,1,1,0,3,"Social Acceptance,Job Security,Job Environment,Salary,flaxible Work Life Balanced","Software Development,Networking,Cyber Security"
131,Male,4th,3.42,Bangabandhu Sheikh Mujibur Rahman Science & Technology University (BSMRSTU),2,1,2,1,2,2,2,1,3,2,2,2,1,1,1,1,7,8,"Social Acceptance,Job Security,Job Environment,Salary,flaxible Work Life Balanced","Software Development,Data Analysis"
132,Female,4th,3.43,Jahangirnagar University (JU),2,2,2,3,1,1,1,1,2,1,1,1,1,1,1,1,0,4,"Job Environment,Salary,flaxible Work Life Balanced","Software Development,Data Analysis,Management,Business,Abroad"
133,Male,4th,3.5,Jahangirnagar University (JU),2,3,2,1,2,2,3,2,3,3,3,2,2,3,2,1,0,15,"Job Environment,Salary,flaxible Work Life Balanced","Software Development,ML/AI Engineer,Gaming"
134,Female,4th,3.83,Jahangirnagar University (JU),2,2,2,2,2,2,2,2,2,2,1,2,1,1,1,1,0,5,flaxible Work Life Balanced,Software Development
135,Male,4th,3.6,Bangabandhu Sheikh Mujibur Rahman Science & Technology University (BSMRSTU),3,2,3,1,2,2,3,2,1,2,2,2,2,2,1,2,0,4,"Social Acceptance,Job Security,Job Environment,Salary,flaxible Work Life Balanced","Software Development,Networking,Data Analysis,ML/AI Engineer,Teaching,Abroad"
136,Male,4th,3.0,Bangabandhu Sheikh Mujibur Rahman Science & Technology University (BSMRSTU),3,3,3,2,2,3,2,3,1,1,1,1,0,2,0,2,0,2,Salary,"Software Development,Data Analysis,ML/AI Engineer,Business,Abroad"
137,Male,4th,3.0,Bangabandhu Sheikh Mujibur Rahman Science & Technology University (BSMRSTU),2,1,1,1,0,2,2,1,1,2,2,0,1,1,0,0,0,0,"Social Acceptance,flaxible Work Life Balanced","Business,Govt Job"
138,Male,3rd,3.25,University of Rajshahi (RU),2,2,1,1,2,3,3,1,2,1,2,2,1,1,1,1,0,2,"Job Environment,Salary","Software Development,Database Administration"
139,Male,4th,2.87,University of Rajshahi (RU),2,1,2,1,1,2,2,2,1,1,1,2,2,1,1,1,0,1,Social Acceptance,"Database Administration,Hardware Sector,Teaching,Bank Job,BCS,Govt Job"
140,Male,3rd,3.82,University of Rajshahi (RU),2,2,1,1,2,2,2,1,1,2,2,2,1,1,1,2,0,1,"Job Security,Salary","Researcher,Abroad"
141,Female,3rd,3.46,University of Rajshahi (RU),1,1,2,1,2,1,2,1,1,2,1,1,2,1,1,1,0,0,Social Acceptance,Other
142,Male,3rd,3.21,Bangabandhu Sheikh Mujibur Rahman Science & Technology University (BSMRSTU),2,2,2,2,1,1,1,2,2,2,3,2,1,1,1,1,0,11,"Job Security,Salary,flaxible Work Life Balanced","Software Development,Bank Job,BCS,Govt Job"
143,Male,4th,2.75,Bangabandhu Sheikh Mujibur Rahman Science & Technology University (BSMRSTU),3,2,2,2,2,2,1,2,2,2,2,2,1,1,1,2,0,4,Job Security,"BCS,Govt Job"
144,Male,4th,3.2740754716981133,Jahangirnagar University (JU),2,2,2,2,2,2,2,1,1,2,2,2,1,2,1,2,1,5,"Job Security,Salary,flaxible Work Life Balanced","Cyber Security,Researcher,BCS,Govt Job"
145,Male,4th,3.49,Bangabandhu Sheikh Mujibur Rahman Science & Technology University (BSMRSTU),1,1,1,1,1,2,3,1,3,2,2,1,1,1,1,1,0,65,"Job Security,Salary,flaxible Work Life Balanced","Software Development,Database Administration,Govt Job"
146,Male,4th,3.55,University of Dhaka (DU),3,3,0,3,3,3,3,2,3,1,0,1,1,2,0,2,1,3,Social Acceptance,Software Development
147,Male,4th,3.85,University of Dhaka (DU),2,2,2,2,1,1,2,2,1,1,1,2,1,2,0,3,3,0,Social Acceptance,"Researcher,Abroad"
148,Male,4th,3.11,University of Dhaka (DU),3,3,3,2,0,3,3,2,3,0,2,1,1,1,1,1,0,4,Social Acceptance,"Software Development,Database Administration"
149,Female,4th,3.5,University of Dhaka (DU),2,1,2,2,1,1,1,1,1,2,1,1,1,1,1,2,1,1,Job Security,"Bank Job,BCS,Govt Job"
150,Male,4th,2.98,University of Dhaka (DU),3,3,3,2,3,3,3,2,3,2,2,2,1,2,2,1,0,5,"Social Acceptance,Job Environment","Software Development,Database Administration"
151,Male,4th,3.8,Bangladesh University of Engineering & Technology (BUET),3,3,3,2,2,2,1,3,1,2,2,2,1,3,3,3,5,1,Social Acceptance,"Researcher,Abroad"
152,Male,4th,3.5,Bangladesh University of Engineering & Technology (BUET),3,3,3,1,3,3,3,2,3,2,2,1,1,1,1,1,1,5,Job Security,"Software Development,Database Administration,Data Analysis"
153,Male,4th,3.1,Bangabandhu Sheikh Mujibur Rahman Science & Technology University (BSMRSTU),3,3,3,2,2,2,1,1,2,2,2,1,1,1,1,2,0,50,"Job Environment,Salary,flaxible Work Life Balanced","Software Development,Gaming"
154,Male,4th,2.89,Bangabandhu Sheikh Mujibur Rahman Science & Technology University (BSMRSTU),2,2,2,2,2,1,2,1,2,2,2,2,1,1,1,1,0,6,"Social Acceptance,Job Security,Job Environment,Salary,flaxible Work Life Balanced",Software Development
155,Male,4th,2.92,Patuakhali  Science and technology university (PSTU),2,2,2,3,2,2,3,1,3,2,2,1,1,2,2,1,0,5,flaxible Work Life Balanced,Software Development
156,Male,4th,3.08,Bangabandhu Sheikh Mujibur Rahman Science & Technology University (BSMRSTU),3,2,2,3,2,2,2,2,3,3,2,2,1,2,2,2,0,5,"Social Acceptance,Job Security,flaxible Work Life Balanced","Software Development,Management,Teaching,Govt Job"
157,Male,4th,2.7,Bangabandhu Sheikh Mujibur Rahman Science & Technology University (BSMRSTU),1,1,1,2,1,2,2,1,1,1,1,2,2,2,2,1,0,6,Social Acceptance,BCS
158,Female,4th,3.39,Bangabandhu Sheikh Mujibur Rahman Science & Technology University (BSMRSTU),2,1,2,2,2,2,1,2,1,1,2,2,0,2,1,2,0,4,"Job Environment,Salary","Software Development,Teaching,Business,Abroad"
159,Male,4th,2.76,Bangabandhu Sheikh Mujibur Rahman Science & Technology University (BSMRSTU),2,1,2,2,2,2,2,3,2,2,1,1,1,2,1,1,0,4,"Social Acceptance,Job Security,Salary","Software Development,Data Analysis,Abroad"
160,Male,4th,2.95,Bangabandhu Sheikh Mujibur Rahman Science & Technology University (BSMRSTU),2,2,2,1,1,1,1,1,1,1,1,1,1,1,1,1,0,4,"Job Security,Salary","Software Development,Abroad"
161,Male,4th,3.0,Patuakhali  Science and technology university (PSTU),1,1,2,3,2,2,3,2,3,1,2,2,1,2,2,1,2,6,"Job Security,Job Environment,Salary,flaxible Work Life Balanced","Software Development,Database Administration,Data Analysis,UI/UX Designing,ML/AI Engineer,Abroad,Other"
162,Male,4th,3.83,University of Rajshahi (RU),2,1,3,2,1,1,2,2,1,1,1,1,1,1,1,3,5,0,"Job Security,flaxible Work Life Balanced",Abroad
163,Male,4th,3.18,Bangabandhu Sheikh Mujibur Rahman Science & Technology University (BSMRSTU),2,2,1,1,2,2,3,2,1,2,2,3,2,2,1,1,0,4,"Job Security,flaxible Work Life Balanced","Software Development,Database Administration,Data Analysis,ML/AI Engineer,Gaming"
164,Male,4th,3.34,Patuakhali  Science and technology university (PSTU),1,1,2,1,1,1,1,1,1,1,1,2,1,1,1,1,0,3,"Social Acceptance,flaxible Work Life Balanced",BCS
165,Male,4th,3.38,University of Chittagong (CU),3,3,3,1,3,3,3,2,3,1,1,1,2,2,1,1,0,5,Social Acceptance,"Software Development,Database Administration"
166,Male,4th,3.55,University of Chittagong (CU),3,1,3,3,1,1,1,1,1,1,2,1,1,1,1,2,0,0,Job Security,"Bank Job,BCS,Govt Job"
167,Male,4th,3.92,University of Chittagong (CU),3,1,3,3,2,2,1,1,1,3,3,1,1,1,1,3,5,1,flaxible Work Life Balanced,Abroad
168,Male,4th,2.92,University of Chittagong (CU),3,3,3,2,3,3,3,2,3,2,3,2,1,2,2,1,0,5,Job Security,"Software Development,Database Administration"
169,Male,4th,3.05,Rajshahi University of Engineering & Technology (RUET),1,2,2,2,2,1,1,1,2,1,1,2,1,1,1,2,2,4,flaxible Work Life Balanced,Software Development
170,Male,4th,3.78,Rajshahi University of Engineering & Technology (RUET),2,2,2,1,2,1,1,1,1,1,1,1,1,1,1,1,0,2,"Job Security,Job Environment,flaxible Work Life Balanced","Software Development,Networking,Data Analysis,ML/AI Engineer,Teaching,Researcher,Abroad"
171,Male,4th,3.01,Rajshahi University of Engineering & Technology (RUET),2,2,2,2,2,1,1,1,2,1,1,2,1,1,1,1,0,4,"Job Security,Job Environment,Salary","Software Development,Bank Job,Abroad"
172,Male,4th,3.12,University of Chittagong (CU),1,1,1,1,1,2,2,1,1,1,1,1,1,2,1,1,0,2,"Social Acceptance,Job Security,Job Environment,Salary,flaxible Work Life Balanced","Software Development,ML/AI Engineer,Teaching,Bank Job,Govt Job"
173,Male,4th,2.9,University of Chittagong (CU),2,2,3,3,2,2,3,3,3,3,3,3,3,3,3,3,1,5,Social Acceptance,Software Development
174,Male,4th,3.2740754716981133,University of Chittagong (CU),1,1,2,1,1,1,1,1,1,1,1,1,1,1,1,1,0,0,"Job Security,Salary,flaxible Work Life Balanced",Govt Job
175,Female,4th,3.66,Patuakhali  Science and technology university (PSTU),2,2,3,2,2,2,2,2,1,1,1,1,1,2,1,1,0,3,Job Environment,"Software Development,Cyber Security,ML/AI Engineer,Abroad"
176,Male,4th,3.21,Rajshahi University of Engineering & Technology (RUET),2,2,2,1,2,2,2,1,1,2,2,2,1,1,1,1,0,2,"Social Acceptance,Job Security,Job Environment,Salary,flaxible Work Life Balanced","Software Development,Teaching,Business"
177,Male,4th,3.66,Patuakhali  Science and technology university (PSTU),2,2,2,1,2,2,2,1,3,2,1,1,1,1,1,1,0,3,"Job Security,Job Environment,Salary,flaxible Work Life Balanced","Software Development,ML/AI Engineer,Researcher,Abroad"
178,Female,3rd,3.2740754716981133,Patuakhali  Science and technology university (PSTU),2,2,3,3,1,2,1,1,1,1,1,1,1,1,1,2,0,2,"Social Acceptance,Job Security,Job Environment,Salary","Teaching,BCS,Govt Job"
179,Female,4th,3.0,Hajee Mohammad Danesh Science & Technology University (HMDSTU),2,2,2,3,1,1,2,1,1,1,1,1,1,1,1,1,0,5,"Social Acceptance,Job Security,Job Environment,Salary,flaxible Work Life Balanced","ML/AI Engineer,Teaching,Bank Job,BCS"
180,Male,4th,3.13,Hajee Mohammad Danesh Science & Technology University (HMDSTU),1,1,1,1,1,1,0,0,0,0,0,0,0,0,0,0,0,1,other,"Software Development,Other"
181,Female,4th,3.61,University of Chittagong (CU),3,1,2,1,0,0,0,0,0,0,0,0,0,0,0,0,0,0,other,Other
182,Male,2nd,3.65,Hajee Mohammad Danesh Science & Technology University (HMDSTU),1,2,3,2,2,2,2,2,2,1,1,3,1,1,1,1,0,30,"Social Acceptance,Job Security,Job Environment,Salary,flaxible Work Life Balanced",Software Development
183,Female,4th,3.21,Hajee Mohammad Danesh Science & Technology University (HMDSTU),3,1,2,1,2,1,2,1,2,2,1,2,2,1,1,1,0,5,Job Security,"Software Development,Data Analysis,Govt Job,Other"
184,Male,3rd,3.54,Hajee Mohammad Danesh Science & Technology University (HMDSTU),0,0,0,0,0,0,0,0,0,0,0,0,0,0,0,0,0,0,other,other
185,Male,3rd,3.5,"Independent University, Bangladesh (IUB)",1,2,2,1,1,2,2,1,1,1,1,1,1,0,0,0,0,3,"Job Environment,Salary,flaxible Work Life Balanced","Software Development,Management,Business"
186,Male,4th,1.75,"Independent University, Bangladesh (IUB)",2,2,3,2,1,1,1,1,1,1,1,1,1,1,1,1,0,0,flaxible Work Life Balanced,Software Development
187,Male,3rd,3.37,University of Chittagong (CU),0,2,1,2,1,2,1,1,1,1,1,2,1,1,1,1,0,1,"Social Acceptance,Job Security,Job Environment,Salary,flaxible Work Life Balanced","Software Development,Networking,Cyber Security,Database Administration,Data Analysis,UI/UX Designing,Management,Bank Job,BCS,Govt Job,Abroad"
188,Female,4th,4.0,"Independent University, Bangladesh (IUB)",2,1,2,2,1,1,1,1,1,1,1,1,1,1,1,1,0,0,"Job Security,Job Environment,Salary,flaxible Work Life Balanced","Cyber Security,Abroad"
189,Male,4th,3.43,"Independent University, Bangladesh (IUB)",1,1,2,1,1,2,1,1,1,1,1,2,1,1,2,1,0,1,Salary,Networking
190,Male,4th,3.96,"Independent University, Bangladesh (IUB)",3,3,3,3,2,2,3,3,2,2,2,1,1,3,1,3,1,5,"Job Security,Job Environment,Salary,flaxible Work Life Balanced","Data Analysis,ML/AI Engineer,Teaching,Researcher,Abroad"
191,Male,4th,3.67,"Independent University, Bangladesh (IUB)",2,2,3,2,1,1,1,1,1,1,1,1,1,1,1,3,0,0,flaxible Work Life Balanced,Software Development
192,Female,4th,3.3,University of Rajshahi (RU),2,2,2,2,2,2,2,1,1,1,1,1,1,1,1,1,0,1,Salary,Software Development
193,Male,4th,3.43,University of Rajshahi (RU),2,2,2,2,2,2,3,2,3,2,3,3,2,2,2,2,0,5,Salary,Software Development
194,Female,4th,3.49,University of Rajshahi (RU),1,3,2,2,2,2,3,2,3,2,3,3,2,2,2,2,0,5,flaxible Work Life Balanced,"Software Development,Cyber Security,Business"
195,Female,2nd,2.83,Jahangirnagar University (JU),2,1,2,2,1,2,1,1,1,1,1,1,1,1,1,1,0,1,"Job Security,Job Environment,flaxible Work Life Balanced","Cyber Security,Business,Abroad"
196,Male,2nd,2.98,"Independent University, Bangladesh (IUB)",2,2,3,2,1,2,1,2,1,1,1,1,2,2,0,2,1,1,"Job Security,Job Environment","Software Development,Cyber Security,Data Analysis,Management"
197,Male,3rd,3.2,University of Rajshahi (RU),2,2,2,1,1,2,2,1,2,1,1,2,1,1,2,1,1,2,"Social Acceptance,Job Security","Software Development,Networking,Cyber Security,Data Analysis"
198,Male,4th,3.16,University of Rajshahi (RU),1,2,1,1,2,2,1,1,1,1,2,2,2,1,1,2,1,1,"Social Acceptance,Job Security","Software Development,Cyber Security,Data Analysis"
199,Male,4th,2.92,Jahangirnagar University (JU),2,2,2,1,2,2,2,2,1,1,2,1,1,1,1,2,2,2,Social Acceptance,Software Development
200,Male,4th,3.22,Jahangirnagar University (JU),3,2,2,2,1,2,2,1,2,3,1,1,2,2,1,1,3,1,flaxible Work Life Balanced,Abroad
201,Female,4th,1.6,Jahangirnagar University (JU),2,2,2,1,1,1,1,1,1,1,1,1,1,1,1,1,0,0,Job Security,ML/AI Engineer
202,Male,4th,3.41,University of Chittagong (CU),2,3,2,1,1,3,1,1,1,1,1,1,1,1,1,1,0,1,"Salary,flaxible Work Life Balanced","Software Development,ML/AI Engineer"
203,Female,4th,3.5,Faridpur Engineering College,2,2,2,1,1,1,1,1,2,1,1,1,1,1,1,1,0,2,"Salary,flaxible Work Life Balanced","Software Development,Abroad"
204,Male,4th,0.0,United International University (UIU),2,2,2,2,2,2,2,2,2,2,2,2,2,2,2,2,0,2,Salary,Software Development
205,Male,4th,3.4,Faridpur Engineering College,2,2,2,1,2,2,2,2,1,2,1,2,2,2,2,2,1,3,"Salary,flaxible Work Life Balanced","Software Development,Data Analysis"
206,Male,4th,3.17,Comilla University (CoU),2,2,2,1,1,1,1,2,2,1,2,1,2,0,1,1,1,1,Social Acceptance,"Bank Job,Govt Job"
207,Male,4th,3.58,Comilla University (CoU),2,2,1,1,1,2,1,1,2,1,2,1,1,1,1,1,0,6,"Job Security,Job Environment,Salary,flaxible Work Life Balanced",Software Development
208,Female,4th,3.79,Comilla University (CoU),1,1,2,3,1,2,1,1,1,2,1,1,1,1,1,1,0,0,Salary,Researcher
209,Female,4th,3.52,Comilla University (CoU),2,2,2,1,1,3,3,2,2,2,1,1,1,1,1,1,0,1,"Social Acceptance,Job Security,Job Environment,Salary,flaxible Work Life Balanced","Software Development,Teaching"
210,Female,4th,3.59,Comilla University (CoU),2,2,2,2,2,2,2,1,1,2,1,0,2,0,0,0,0,0,"Job Environment,Salary,flaxible Work Life Balanced","Database Administration,Teaching,Abroad"
211,Female,4th,3.6,Comilla University (CoU),1,1,2,2,1,2,1,1,1,2,2,1,2,1,1,1,0,0,Salary,Business
212,Male,3rd,3.6,Comilla University (CoU),2,1,2,2,1,2,2,1,1,1,1,1,1,1,0,0,0,2,Social Acceptance,"Software Development,Data Analysis,ML/AI Engineer,Abroad"
213,Female,4th,3.47,Comilla University (CoU),1,1,1,1,1,2,1,1,0,0,0,0,0,0,0,0,0,3,Job Security,Software Development
214,Female,3rd,3.5,Comilla University (CoU),1,1,1,1,1,1,1,1,1,1,1,1,1,1,1,1,0,2,Salary,"Business,Abroad"
215,Male,4th,3.2,Daffodil International University (DIU),2,2,2,2,2,3,2,2,2,2,2,2,2,2,2,2,1,4,Job Environment,Software Development
216,Male,4th,3.64,Comilla University (CoU),2,2,2,1,2,2,2,1,2,2,2,1,1,1,1,1,0,0,"Job Environment,Salary,flaxible Work Life Balanced","Software Development,Networking,Cyber Security,Researcher"
217,Male,4th,3.7,Comilla University (CoU),2,1,2,2,2,1,1,1,2,1,1,1,1,1,2,1,0,3,Social Acceptance,Abroad
218,Male,4th,3.3,Northern University Bangladesh (NUB),2,2,2,1,2,2,2,1,1,1,2,1,1,2,2,1,0,3,"Job Security,Salary",Govt Job
219,Female,4th,3.89,Comilla University (CoU),2,2,3,2,1,2,1,1,1,1,1,1,1,1,1,1,0,2,Job Security,Software Development
220,Male,4th,3.09,American International University-Bangladesh (AIUB),1,2,1,1,1,1,2,2,1,1,2,2,2,2,1,2,2,1,"Social Acceptance,Job Security,Job Environment","Software Development,Networking,Cyber Security,Data Analysis"
221,Male,4th,3.26,American International University-Bangladesh (AIUB),1,2,1,2,1,1,2,1,1,1,1,1,1,1,1,1,2,3,Job Environment,Abroad
222,Male,4th,3.56,American International University-Bangladesh (AIUB),2,2,1,1,1,2,1,1,1,1,1,1,1,1,1,1,0,10,"Job Environment,Salary,flaxible Work Life Balanced",Software Development
223,Male,4th,3.0,University of Rajshahi (RU),2,3,3,2,2,2,2,2,1,1,2,1,1,1,1,1,0,3,Job Security,Other
224,Male,4th,3.2,American International University-Bangladesh (AIUB),1,1,2,2,1,1,1,1,1,1,1,1,1,1,1,1,0,4,other,other
225,Male,4th,3.4,American International University-Bangladesh (AIUB),3,2,3,2,2,2,2,2,2,2,2,2,2,2,3,3,1,1,Job Security,Management
226,Male,4th,2.88,Jahangirnagar University (JU),1,2,2,2,1,1,2,2,2,3,3,1,1,1,1,1,0,2,Social Acceptance,Software Development
227,Male,4th,3.71,Khulna University (KU),2,2,2,1,1,3,3,1,3,1,1,1,1,1,1,1,0,2,"Social Acceptance,Job Security,Job Environment,Salary,flaxible Work Life Balanced",Software Development
228,Male,4th,3.66,American International University-Bangladesh (AIUB),1,2,2,2,2,2,2,1,1,1,0,2,2,2,2,2,0,2,"Job Security,Job Environment,Salary","Software Development,Cyber Security"
229,Male,4th,3.57,American International University-Bangladesh (AIUB),1,2,2,2,1,1,2,2,2,1,2,1,1,0,1,1,2,2,"Social Acceptance,Job Security,Job Environment","Software Development,Networking,Cyber Security,Data Analysis"
230,Male,4th,3.27,American International University-Bangladesh (AIUB),1,2,1,1,2,2,1,2,1,1,2,2,2,1,1,2,2,3,"Social Acceptance,Job Security,Job Environment","Software Development,Networking,Cyber Security,Data Analysis"
231,Male,4th,3.33,American International University-Bangladesh (AIUB),2,2,2,3,2,3,2,1,1,1,1,1,1,1,1,1,0,0,other,other
232,Male,4th,3.2,Jahangirnagar University (JU),1,1,1,2,1,1,1,1,1,1,1,1,1,1,1,1,2,9,other,other
233,Male,4th,3.15,Daffodil International University (DIU),3,3,3,1,2,3,3,1,2,2,3,2,2,2,2,2,0,4,"Job Security,Salary,flaxible Work Life Balanced","Software Development,Networking,Cyber Security"
234,Male,4th,3.0,American International University-Bangladesh (AIUB),2,2,3,3,3,2,3,3,3,3,3,3,3,3,3,3,30,25,Job Security,"Software Development,Other"
235,Male,4th,3.91,Port City International University (PCIU),2,2,3,2,2,2,2,2,3,2,2,1,2,3,2,3,0,4,"Social Acceptance,Job Security,Salary,flaxible Work Life Balanced","Software Development,ML/AI Engineer,Gaming"
236,Male,4th,3.63,Daffodil International University (DIU),1,2,3,2,2,2,2,2,3,2,2,2,2,1,1,1,0,10,"Social Acceptance,Job Security,flaxible Work Life Balanced",Software Development
237,Male,4th,3.16,Northern University Bangladesh (NUB),1,2,1,2,1,1,2,1,1,1,2,1,2,2,1,1,2,2,"Social Acceptance,Job Security,Job Environment","Networking,Cyber Security"
238,Female,4th,3.67,United International University (UIU),3,2,2,2,2,1,2,2,2,2,2,2,2,2,2,2,0,5,"Social Acceptance,Job Security,Job Environment,Salary,flaxible Work Life Balanced","Software Development,Networking,Cyber Security,Database Administration,Data Analysis,UI/UX Designing,ML/AI Engineer,Hardware Sector,Gaming,Management,Teaching,Researcher,Bank Job,BCS,Business,Govt Job,Abroad,Other"
239,Male,4th,3.15,American International University-Bangladesh (AIUB),2,1,3,1,1,1,1,1,1,1,1,1,1,1,1,1,1,1,flaxible Work Life Balanced,"Software Development,Database Administration,Management"
240,Male,4th,3.41,Daffodil International University (DIU),3,2,3,2,3,2,3,2,3,3,3,3,3,2,2,2,0,7,"Job Security,Job Environment,Salary","Software Development,Data Analysis"
241,Female,3rd,3.52,Rajshahi University of Engineering & Technology (RUET),2,2,3,3,2,2,2,2,1,3,2,3,2,2,2,2,1,2,"Social Acceptance,Job Security,Salary","Software Development,Cyber Security,Abroad"
242,Male,3rd,3.54,Rajshahi University of Engineering & Technology (RUET),2,2,2,1,0,2,1,1,0,1,0,0,0,0,0,0,0,1,"Social Acceptance,Job Security,Job Environment,Salary,flaxible Work Life Balanced","Software Development,ML/AI Engineer,Researcher,Abroad"
243,Male,3rd,3.32,Hajee Mohammad Danesh Science & Technology University (HMDSTU),2,2,2,2,1,2,1,1,0,1,1,1,1,1,1,1,0,2,"Salary,Job Security",Software Development
244,Male,3rd,3.71,Hajee Mohammad Danesh Science & Technology University (HMDSTU),3,3,2,2,2,2,2,1,1,2,2,1,1,1,1,1,0,2,"Social Acceptance,Job Environment,Salary","Software Development,Abroad"
245,Male,3rd,3.69,Hajee Mohammad Danesh Science & Technology University (HMDSTU),2,2,2,2,2,2,2,1,2,2,2,2,1,1,1,1,0,2,Salary,Teaching
246,Male,3rd,3.25,Hajee Mohammad Danesh Science & Technology University (HMDSTU),1,1,1,1,1,1,1,1,1,1,1,1,1,1,1,1,0,2,"Social Acceptance,Job Security,Salary,flaxible Work Life Balanced","Bank Job,BCS,Govt Job"
247,Male,3rd,3.0,Hajee Mohammad Danesh Science & Technology University (HMDSTU),2,1,2,1,2,2,2,1,2,2,2,2,1,1,1,1,0,4,"Social Acceptance,Job Environment",Software Development
248,Female,4th,3.62,International University of Business Agriculture & Technology (IUBAT),2,1,1,1,0,0,0,0,0,0,0,0,1,0,0,0,0,0,Job Security,Cyber Security
249,Female,4th,2.93,Daffodil International University (DIU),1,2,1,1,1,1,1,1,1,1,1,1,1,1,1,1,0,1,flaxible Work Life Balanced,Other
250,Male,4th,3.26,International Islamic University Chittagong (IIUC),2,2,2,1,2,2,2,2,2,1,1,2,2,2,1,1,0,3,"Social Acceptance,Job Environment","Software Development,Teaching,Govt Job"
251,Male,3rd,3.48,Hajee Mohammad Danesh Science & Technology University (HMDSTU),1,1,2,1,1,1,1,2,1,1,1,1,1,1,1,1,0,2,Job Environment,Teaching
252,Female,4th,3.66,Khulna University (KU),2,2,2,1,2,2,2,3,3,1,1,1,0,2,0,0,1,5,"Job Environment,Salary","Software Development,Data Analysis,ML/AI Engineer"
253,Male,4th,3.11,Khulna University (KU),3,2,2,1,1,2,1,2,3,1,1,0,0,1,0,0,0,2,"Salary,flaxible Work Life Balanced","Software Development,BCS"
254,Female,4th,3.8,Noakhali Science & Technology University (NSTU),3,2,3,2,1,2,2,1,2,1,1,1,0,1,0,1,1,3,"Job Security,flaxible Work Life Balanced","Teaching,Researcher,Bank Job,Govt Job"
255,Male,4th,3.2,East West University (EWU),3,2,3,2,2,2,2,2,1,1,1,2,2,2,3,1,0,5,"Salary,flaxible Work Life Balanced","Networking,Cyber Security,ML/AI Engineer"
256,Female,3rd,2.93,Khulna University (KU),1,1,1,1,1,1,1,0,0,1,1,0,0,0,0,0,0,1,Job Security,"Bank Job,BCS,Govt Job"
257,Male,4th,3.35,Shahjalal University of Science & Technology (SUST),3,2,3,2,2,2,2,1,2,1,1,2,1,1,1,1,1,5,Salary,"Software Development,Database Administration,ML/AI Engineer"
258,Male,4th,3.66,Shahjalal University of Science & Technology (SUST),2,2,3,3,2,2,1,2,1,2,2,3,2,1,0,2,0,4,"Job Environment,Salary","Networking,Researcher,Abroad"
259,Male,4th,2.56,Shahjalal University of Science & Technology (SUST),3,2,2,1,3,3,2,1,3,0,1,1,0,1,0,2,1,10,"Job Security,Salary",Software Development
260,Male,4th,3.66,Shahjalal University of Science & Technology (SUST),2,2,3,3,2,2,1,2,1,0,2,3,0,2,0,1,0,5,"Job Environment,Salary","Software Development,ML/AI Engineer"
261,Female,4th,3.0,Shahjalal University of Science & Technology (SUST),1,1,1,1,1,1,1,1,1,1,1,1,1,1,0,0,0,1,"Salary,flaxible Work Life Balanced","Bank Job,BCS,Govt Job"
262,Male,4th,3.07,Shahjalal University of Science & Technology (SUST),1,1,3,3,1,2,1,0,1,2,2,3,2,1,0,0,0,4,"Job Environment,Salary",Software Development
263,Male,4th,3.66,Shahjalal University of Science & Technology (SUST),2,1,3,3,2,2,1,2,1,2,2,3,2,1,2,0,0,4,"Job Environment,Salary","Software Development,ML/AI Engineer"
264,Male,4th,3.56,"Islamic University, Bangladesh (IU)",3,3,3,2,3,3,3,2,3,2,2,1,1,1,1,1,0,3,Salary,"Software Development,Database Administration"
265,Male,4th,3.88,"Islamic University, Bangladesh (IU)",3,2,2,2,2,2,2,2,1,1,2,2,1,1,1,3,3,1,Job Security,"Teaching,Bank Job"
266,Female,4th,3.9,"Islamic University, Bangladesh (IU)",3,3,2,2,2,2,2,1,2,2,2,2,1,1,1,3,4,1,Job Security,"Teaching,Researcher,Bank Job,BCS"
267,Male,4th,2.95,"Islamic University, Bangladesh (IU)",3,3,3,2,3,3,1,1,3,3,3,1,1,1,1,1,0,4,"Job Security,Salary","Software Development,Database Administration"
268,Male,4th,3.0,Shahjalal University of Science & Technology (SUST),3,3,3,2,3,3,3,2,3,3,3,1,1,1,1,1,0,5,"Job Security,Salary","Software Development,Networking"
269,Male,4th,3.23,Shahjalal University of Science & Technology (SUST),3,1,2,1,2,3,3,3,1,3,3,2,2,3,3,1,0,4,"Job Security,Salary","Data Analysis,ML/AI Engineer"
270,Female,4th,2.98,University of Chittagong (CU),2,2,3,2,1,2,2,0,2,1,2,0,0,1,0,0,1,3,"Social Acceptance,Job Environment","Software Development,Govt Job"
271,Male,4th,3.78,Shahjalal University of Science & Technology (SUST),3,2,2,3,1,2,1,1,2,2,2,2,2,1,1,3,4,1,"Salary,flaxible Work Life Balanced","Teaching,Abroad"
272,Male,4th,2.91,University of Chittagong (CU),1,1,2,3,1,1,1,0,1,0,1,0,0,0,0,1,0,2,"Social Acceptance,Job Security,flaxible Work Life Balanced","Bank Job,BCS,Business,Govt Job,Abroad"
